{"0": 0.45653882847494787, "1": 0.4747905378863631, "2": 0.508943842520587, "3": 0.3381426260545592, "4": 0.35779304332732254, "5": 0.17823137112772158, "6": 0.22128610582709624, "7": 0.12749948928440122, "8": 0.23123155426351558, "9": 0.10566011616355551, "10": 0.17866759860268724, "11": 0.25676382240898177, "12": 0.07064130364444238, "13": 0.9684638121578266, "14": 0.3474173408805828, "15": 0.2966904814629955, "16": 0.2361635993141864, "17": 0.5214057360544215, "18": 0.29441776333798864, "19": 0.04061425207259247, "20": 0.21852297370585355, "21": 0.17280707896610814, "22": 0.29523254481259226, "23": 0.17512201064167773, "24": 0.09582737278324688, "25": 0.13796925739986013, "26": 0.2769254834291929, "27": 0.10502272516467588, "28": 0.09122799226478027, "29": 0.1922568673614252, "30": 0.17493267241170238, "31": 0.2022925807309199, "32": 0.29858707439477167, "33": 0.9443793220064859, "34": 0.26633914341875414, "35": 0.38560541441879476, "36": 0.22366180560823382, "37": 0.2728046329759634, "38": 0.551404324007367, "39": 0.32479179968578575, "40": 0.3461124605613899, "41": 0.11882291402619832, "42": 0.28300041426085915, "43": 0.2147821679256976, "44": 0.10620018508136221, "45": 0.16808546064181398, "46": 0.08850196069817844, "47": 0.32874216951782925, "48": 0.24172299750819173, "49": 0.13567445014802632, "50": 0.05200607256866286, "51": 0.09118048224042452, "52": 0.02821000254841122, "53": 0.4459256025923171, "54": 0.3802891948969899, "55": 0.3012667353171769, "56": 0.17728083708096132, "57": 0.09948965893311405, "58": 0.28152468950356296, "59": 0.38058648308152987, "60": 0.23276243756349285, "61": 0.47885427139921766, "62": 0.9371710678624541, "63": 0.2872097954169996, "64": 0.41702678197542475, "65": 0.18606440647345815, "66": 0.11184513423677489, "67": 0.8412320058314804, "68": 0.430759792378977, "69": 0.3427309164628367, "70": 0.24369291657643163, "71": 0.8874211669610019, "72": 0.469049719183621, "73": 0.23636377317592872, "74": 0.9508089883190332, "75": 0.2932592159169012, "76": 0.9347498363788537, "77": 0.4390963731861636, "78": 0.04662777124028282, "79": 0.0935243699783551, "80": 0.19735465692258944, "81": 0.26163168961673205, "82": 0.4456416112779697, "83": 0.49327315658621, "84": 0.18448616865254486, "85": 0.3974437153514082, "86": 0.040634517250655255, "87": 0.20707917712888624, "88": 0.9669684816122259, "89": 0.26536016333588236, "90": 0.3747871564317961, "91": 0.12838518351644823, "92": 0.07584247304927928, "93": 0.7168153335785855, "94": 0.37418128866581485, "95": 0.8590001011555953, "96": 0.11850103720324524, "97": 0.03707997375635373, "98": 0.0526047065533948, "99": 0.7219744175388179, "100": 0.3344144667688484, "101": 0.3053336627652521, "102": 0.8626093137590388, "103": 0.11239393717776912, "104": 0.1713654318387974, "105": 0.17484843130833783, "106": 0.18145455102056782, "107": 0.11006524056052897, "108": 0.6881143560543258, "109": 0.04797414455510223, "110": 0.10625247842020061, "111": 0.9082464641709647, "112": 0.16724817093589667, "113": 0.43440445429741387, "114": 0.399438518590965, "115": 0.4531500100668231, "116": 0.31479761036880183, "117": 0.9834107371601795, "118": 0.3109037396327078, "119": 0.1378951478245589, "120": 0.018798552926848493, "121": 0.7703824678525297, "122": 0.1546605243382577, "123": 0.35097708911531333, "124": 0.059168019494024414}