{"0": 0.1771025955554773, "1": 0.07580842495573918, "2": 0.10536524212006988, "3": 0.21116313515430252, "4": 0.059702380720638284, "5": 0.09716781381207303, "6": 0.014428194328779037, "7": 0.01499633323984007, "8": 0.07628778508371836, "9": 0.08008372682669553, "10": 0.039964149020184137, "11": 0.01964128043356776, "12": 0.059090860379864926, "13": 0.42568475022658825, "14": 0.17233726468942756, "15": 0.15244203542832463, "16": 0.9911303745237567, "17": 0.2686204465464567, "18": 0.04325197480603062, "19": 0.1885723022553765, "20": 0.018659414251154156, "21": 0.8728406443917658, "22": 0.9888806561301876, "23": 0.19434213999556368, "24": 0.08236889213272228, "25": 0.04566688161880772, "26": 0.02618493994629052, "27": 0.0708411997787437, "28": 0.034215340363780274, "29": 0.017586854417783647, "30": 0.06089970983343741, "31": 0.1287852610458107, "32": 0.029620141717166905, "33": 0.04757708498731121, "34": 0.013733208950328177, "35": 0.032365321670296994, "36": 0.050991819218006315, "37": 0.013938345034131223, "38": 0.24619707462049314, "39": 0.039705075264211825, "40": 0.0655778690706841, "41": 0.14127659245854796, "42": 0.9999999999999987, "43": 0.01582946417087132, "44": 0.03819432978756759, "45": 0.036488295173987384, "46": 0.11035379321238117, "47": 0.35354330443382886, "48": 0.03721665177320875, "49": 0.9861477778870557, "50": 0.3044924163044525, "51": 1.0000000000000004, "52": 0.16045093680006228, "53": 0.1182614256192248, "54": 0.15362155360677382, "55": 0.9883438091781793, "56": 0.07876456759593414, "57": 0.0628882248812853, "58": 0.12875409131044457, "59": 0.022797451960493112, "60": 0.9879633468239817, "61": 0.022983034015521393, "62": 0.09430815963292494, "63": 0.12797551785602473, "64": 0.021394059734908284, "65": 0.10079923004602549, "66": 0.04993453932432401, "67": 0.015229227539865024, "68": 0.3180168854313634, "69": 0.1614034985220776, "70": 0.09025513456500577, "71": 0.30024082043417966, "72": 0.14228514021749275, "73": 0.21115938441705503, "74": 0.04707274372180905, "75": 0.11589458909771422, "76": 0.04230211897036739, "77": 0.05199424739187516, "78": 0.7942499724461851, "79": 0.09242195219422138, "80": 0.11365154344649517, "81": 0.03123515627662644, "82": 0.03942362180714396, "83": 0.16702214679834568, "84": 0.013186439718696161, "85": 0.08225492542432014, "86": 0.9999999999999994, "87": 0.9186133251063531, "88": 0.04135612267437051, "89": 0.19555261422135675, "90": 0.029469667643914378, "91": 0.03896732399264416, "92": 0.15284461426087262, "93": 0.992126977337241, "94": 0.3726503709669768, "95": 0.0700934630883911, "96": 0.4148216327965419, "97": 0.9895105437743783, "98": 0.030286216475582436, "99": 0.10761423211401952, "100": 0.9781840437340199, "101": 0.40579042599354564, "102": 0.35722711665456397, "103": 0.5053381933557413, "104": 0.13113980753148335, "105": 0.9492709760203288, "106": 0.932741041328796, "107": 0.8801249182867087, "108": 0.3895720245472089, "109": 0.9133465176261196, "110": 0.14788518973253018, "111": 0.6904643367455463, "112": 0.18458857570620746, "113": 0.06679787175774408, "114": 0.27938271205860066, "115": 0.15056281189803047, "116": 0.9652704027539827, "117": 0.9812628280846558, "118": 0.9844633475197093, "119": 0.957626370004382, "120": 0.34001051392671766, "121": 0.7573231081706209, "122": 0.8263926953282873, "123": 0.26255079695796024, "124": 0.17328912922176304, "125": 0.9505097642098548, "126": 0.5221247237152438, "127": 0.6362067806887701, "128": 0.0991011372022849, "129": 0.17176319976599588, "130": 0.4300009379915143, "131": 0.8382212469418538, "132": 0.6149152005267786, "133": 0.07418009886972898, "134": 0.0503692539393764, "135": 0.07393915757817013, "136": 0.8801249182867087, "137": 0.3962601291401928, "138": 0.021887634095101756, "139": 0.8829825464143606, "140": 0.12575057138997728, "141": 0.0937423559674149, "142": 0.1450696613456862, "143": 0.9043489650759118, "144": 0.9519041746512835, "145": 0.17066563820604536, "146": 0.6229100952614384, "147": 0.19927051812431576, "148": 0.06285923141336956, "149": 0.3376750825760035, "150": 0.093464833753034, "151": 0.5301665777759053, "152": 0.4812042589961066, "153": 0.7909605967878433, "154": 0.9003559061553923, "155": 0.5370191803752401, "156": 0.11765437274929391, "157": 0.5830847317417858, "158": 0.34908005394812697, "159": 0.46483232137195446, "160": 0.11386271812999829, "161": 0.2884612345065773, "162": 0.0662757551933787, "163": 0.38949382826859086, "164": 0.12291224207637659, "165": 0.10040759653712192, "166": 0.16874121468821857, "167": 0.7975124707047523, "168": 0.5409704085222756, "169": 0.05375593126793847, "170": 0.38970877973677787, "171": 0.5053381933557413, "172": 0.049162651335115166, "173": 0.3321118047689767, "174": 0.06714066479037935, "175": 0.37800761647172476, "176": 0.3302265374202661, "177": 0.8669925086750659, "178": 0.26112011830562576, "179": 0.9835533422781344, "180": 0.9784343959301514, "181": 0.31778359480982843, "182": 0.43115410273644567, "183": 0.9978394367638881, "184": 0.2826114865473217, "185": 0.9960210649163017, "186": 0.4135175936360647, "187": 0.17647049689394076, "188": 0.9667884504980153, "189": 0.2046122304736868, "190": 0.9650454828430205, "191": 0.9061395105772654, "192": 0.015322017423347985, "193": 0.14982263589925177, "194": 0.25992666546703047, "195": 0.7096981564386767, "196": 0.8152388887323984, "197": 0.1379232408907462, "198": 0.3512438022356898, "199": 0.3232813216894186, "200": 0.14515471465919008, "201": 0.07505275002673865, "202": 0.20831789222868252, "203": 0.09931200942651101, "204": 0.07912113873475535, "205": 0.16948001009737224, "206": 0.15299186047024713, "207": 0.017972325080770183, "208": 0.06370776424699737, "209": 0.13146996952719883, "210": 0.20205988817879972, "211": 0.9014908458134739, "212": 0.05339133803002396, "213": 0.250778898247276, "214": 0.5612072731435598, "215": 0.06702417611872957, "216": 0.23301553355716914, "217": 0.20044102820471613, "218": 0.08515583093834936, "219": 0.66980020152695, "220": 0.08164699641930616, "221": 0.8560216571277612, "222": 0.23458363399151744, "223": 0.8856893430347239, "224": 0.9526748519683954, "225": 0.3169161837732349, "226": 0.8782753231836568, "227": 0.013036451670303673, "228": 0.05863008369423019, "229": 0.15413826238401426, "230": 0.15184417692953334, "231": 0.10792146322586517, "232": 0.019518999244203347, "233": 0.10156455168534034, "234": 0.10039461910609788, "235": 0.11384642329800031, "236": 0.03708437594357224, "237": 0.01941289304691872, "238": 0.7808217702470986, "239": 0.1422602700641512, "240": 0.2805170703738358, "241": 0.14251827813687865, "242": 0.026238689961176363, "243": 0.02446181314771457, "244": 0.13411202328128294, "245": 0.8955041898270646, "246": 0.15429109036781347, "247": 0.046473135755142274, "248": 0.845150164399818, "249": 0.02436243982321319, "250": 0.012526408930887798, "251": 0.1306932461208034, "252": 0.04175470107192924, "253": 0.12803714156529253, "254": 0.19370455062736625, "255": 0.02779079171299278, "256": 0.13046514241545654, "257": 0.38407585798030575, "258": 0.1889837770511236, "259": 0.46719687703034446, "260": 0.38762800108442375, "261": 0.8709143992470377, "262": 0.2551468891339155, "263": 0.06969005526635585, "264": 0.015935727605667038, "265": 0.01087603628257495, "266": 0.4416984008870332, "267": 0.04817245194889511, "268": 0.14228329703564535, "269": 0.10174334445590229, "270": 0.11371162731327111, "271": 0.8742683210508955, "272": 0.16360671877573488, "273": 0.12909084102333448, "274": 0.015935727605667038, "275": 0.02487532462317113, "276": 0.4416984008870332, "277": 0.8311270436998266, "278": 0.522349048814517, "279": 0.13146996952719883, "280": 0.20205988817879972, "281": 0.015824844221616605, "282": 0.23458363399151744, "283": 0.10156455168534034, "284": 0.10039461910609788, "285": 0.04601215354752744, "286": 0.2565460083870992, "287": 0.013036451670303673, "288": 0.16172830431406796, "289": 0.06664117919966697, "290": 0.6868255294597876, "291": 0.5641584701005389,