{"0": 0.0851138355106301, "1": 0.21060513779789308, "2": 0.9570171151720314, "3": 0.10947100774447377, "4": 0.9293428619725317, "5": 0.15282928336755472, "6": 0.02657482904442117, "7": 0.032058477286259386, "8": 0.17203371622001448, "9": 0.02857313859572418, "10": 0.07333944730746438, "11": 0.058323102501333796, "12": 0.06433624090504539, "13": 0.19484547247358772, "14": 0.22261430412586103, "15": 0.02486511761651536, "16": 0.2179020621697603, "17": 0.1610041327806675, "18": 0.1587969382316829, "19": 0.9852519544958807, "20": 0.09484559768969732, "21": 0.7750227370189202, "22": 0.12101190860371225, "23": 0.2548982435860917, "24": 0.9055581278043369, "25": 0.12751476543901744, "26": 0.016293156308305665, "27": 0.9953266346268401, "28": 0.13771360510977818, "29": 0.15816281701731433, "30": 0.031157209824687275, "31": 0.11644932211216329, "32": 0.08521706775410554, "33": 0.4530716465029981, "34": 0.021110451844581737, "35": 0.11367226969272996, "36": 0.02008119317337719, "37": 0.03732422564244951, "38": 0.21533138256634732, "39": 0.11970547333567184, "40": 0.16165611601830973, "41": 0.4289567380831989, "42": 0.9999999999999996, "43": 0.045922413112661355, "44": 0.06476731486107747, "45": 0.9887235528127023, "46": 0.1733661568337735, "47": 0.36936496835820426, "48": 0.33252469308663546, "49": 0.9579016682726895, "50": 0.4061239195154683, "51": 1.0000000000000009, "52": 0.416454206253749, "53": 0.366237166455517, "54": 0.9558865291873107, "55": 0.9645847426769412, "56": 0.22659586992361747, "57": 0.9623917232926457, "58": 0.9879378512578276, "59": 0.03505424994977666, "60": 0.11596661192025394, "61": 0.1998533072535089, "62": 0.2574546467605801, "63": 0.1928059930138783, "64": 0.60993315729197, "65": 0.07974669987974903, "66": 0.04671843895800671, "67": 0.14739031255995783, "68": 0.1944229817998589, "69": 0.03692716724095545, "70": 0.08700834428707815, "71": 0.017737420829253444, "72": 0.08063927103899067, "73": 0.06368591751246575, "74": 0.034712027953307203, "75": 0.2976227417076379, "76": 0.02258481720625519, "77": 0.048211576114501435, "78": 0.0652702753582712, "79": 0.17043879538546958, "80": 0.04905056348959083, "81": 0.07416595689349285, "82": 0.17156674108243725, "83": 0.09217911089325238, "84": 0.11961365211897036, "85": 0.04203259493946042, "86": 0.9999999999999991, "87": 0.1238516101818257, "88": 0.05917218803501914, "89": 0.03365923917165534, "90": 0.7668216286905549, "91": 0.2511206154220778, "92": 0.979522250298965, "93": 0.051320793746520876, "94": 0.07699440260648319, "95": 0.07782912469284096, "96": 0.9838718345950623, "97": 0.2648027141379496, "98": 0.04388136069616874, "99": 0.030478898142563, "100": 0.9466597970788372, "101": 0.25768429254289615, "102": 0.16399754153097165, "103": 0.5585358244947215, "104": 0.041930610230231855, "105": 0.9564980665592899, "106": 0.8641833070234761, "107": 0.10664217038628857, "108": 0.9773446697106128, "109": 0.9314041525103874, "110": 0.1701005772539686, "111": 0.5211447436903099, "112": 0.39063856737321406, "113": 0.07336987525431458, "114": 0.21918702549186594, "115": 0.20810220321883027, "116": 0.11510515422880173, "117": 0.9803634820572609, "118": 0.41688041449660557, "119": 0.926969400790259, "120": 0.4360062630316408, "121": 0.4066160802571882, "122": 0.9256673712011091, "123": 0.1439387422541883, "124": 0.4995784854915659, "125": 0.9338922841218178, "126": 0.9315238167844764, "127": 0.10162360147415234, "128": 0.5017720649292183, "129": 0.4934147962843096, "130": 0.8824904615752248, "131": 0.09104374636144513, "132": 0.47413173748708526, "133": 0.13309223773944925, "134": 0.12060786001718367, "135": 0.5722718611504549, "136": 0.10664217038628857, "137": 0.8530592510308466, "138": 0.07242890862307812, "139": 0.023093810378613844, "140": 0.01799413236180998, "141": 0.5081815410612983, "142": 0.08232906485414354, "143": 0.2825401752566565, "144": 0.11795545974718476, "145": 0.5507915390538898, "146": 0.9507872068467609, "147": 0.09716940014259805, "148": 0.08058988337856812, "149": 0.4916757879728727, "150": 0.16995602439929147, "151": 0.08144020958256372, "152": 0.4135144334640958, "153": 0.19907416897330768, "154": 0.05753741597260816, "155": 0.1433276612255907, "156": 0.34290964351174075, "157": 0.9162876531175076, "158": 0.765671605004397, "159": 0.37521616406051805, "160": 0.5909387198186387, "161": 0.1709673493045954, "162": 0.05567848402625557, "163": 0.8697620369466086, "164": 0.1055933186526116, "165": 0.07970415171794348, "166": 0.1444801961451201, "167": 0.7338314580766943, "168": 0.5037354138206365, "169": 0.1324383155583282, "170": 0.19597261611132596, "171": 0.5585358244947215, "172": 0.31421764588596424, "173": 0.26956803396651347, "174": 0.12760567675052764, "175": 0.23642947433781955, "176": 0.1096541020466908, "177": 0.06533759528389886, "178": 0.06405779159874996, "179": 0.9749221256716378, "180": 0.9409998025722195, "181": 0.31077610743118556, "182": 0.4539612468972733, "183": 0.9920788398810758, "184": 0.06392029479512461, "185": 0.6147622959970143, "186": 0.14516731158965723, "187": 0.41242550055257227, "188": 0.9402219604393725, "189": 0.0818540416336486, "190": 0.9480271668688829, "191": 0.23187046595416005, "192": 0.0874798617530487, "193": 0.3896192505562831, "194": 0.4173045076387183, "195": 0.41201334026925684, "196": 0.44351066889268237, "197": 0.06213546395621703, "198": 0.06485868303601003, "199": 0.9181121793713615, "200": 0.2009718780609818, "201": 0.04123456581800879, "202": 0.8282185184940102, "203": 0.7887089566533434, "204": 0.7368702106963148, "205": 0.0982592342337951, "206": 0.3760027861863339, "207": 0.3328614954571097, "208": 0.02004543031711338, "209": 0.8699399580329912, "210": 0.04631614308219745, "211": 0.15657701133462854, "212": 0.10287399046159039, "213": 0.45184610163423977, "214": 0.4536511077168905, "215": 0.0931196152199032, "216": 0.11688376869162997, "217": 0.024208270987632657, "218": 0.03356887215644651, "219": 0.19991567438183572, "220": 0.01743250701420011, "221": 0.1362658708982305, "222": 0.4267275451245395, "223": 0.8244030969143737, "224": 0.8995550615362636, "225": 0.07771969373396366, "226": 0.7393741293147069, "227": 0.01655150406369536, "228": 0.03002921304631768, "229": 0.07135868911529139, "230": 0.10978783551342532, "231": 0.23921015853833158, "232": 0.6314923043589127, "233": 0.029036479382812553, "234": 0.1470196370357016, "235": 0.034259244068979545, "236": 0.09218318843024523, "237": 0.038398391372136784, "238": 0.16104890692798093, "239": 0.3987525051540818, "240": 0.370013356615354, "241": 0.2044698971854869, "242": 0.039017501154250296, "243": 0.06162055262171364, "244": 0.1737115506673679, "245": 0.47847608163305955, "246": 0.6317141445239065, "247": 0.030283144107217566, "248": 0.6753817786757719, "249": 0.14876711454442829, "250": 0.1959406655475977, "251": 0.14551487436779184, "252": 0.34458376089057596, "253": 0.16491102828656604, "254": 0.07044619877644556, "255": 0.12068654393253574, "256": 0.02605020559459726, "257": 0.4271891027709139, "258": 0.28945050679454287, "259": 0.1822966455727861, "260": 0.8937425593717427, "261": 0.8068811444029862, "262": 0.1637169359653657, "263": 0.02475104849499262, "264": 0.039890692979709326, "265": 0.07378777388861642, "266": 0.7554665098260468, "267": 0.24294721892738363, "268": 0.07872912003607287, "269": 0.2733703809584488, "270": 0.9260067674231662, "271": 0.8196708437038364, "272": 0.11263364869580042, "273": 0.04265108830920879, "274": 0.039890692979709326, "275": 0.042136756579512546, "276": 0.7554665098260468, "277": 0.05517002766253389, "278": 0.39224241191509246, "279": 0.8699399580329912, "280": 0.04631614308219745, "281": 0.02417027829104316, "282": 0.4267275451245395, "283": 0.029036479382812553, "284": 0.1470196370357016, "285": 0.07817262420215643, "286": 0.19357248643831015, "287": 0.01655150406369536, "288": 0.0237671601384875, "289": 0.015964519714245985, "290": 0.8765706718823496, "291": 0.1065815659993519, "292": 0.16658484017403172,