{"0": 0.11042981734310495, "1": 0.03852228673646764, "2": 0.12489840425184831, "3": 0.24393777379601392, "4": 0.24250800418752222, "5": 0.14261061189456653, "6": 0.022533924724935782, "7": 0.015922879512879674, "8": 0.19426445317905575, "9": 0.9446700893389545, "10": 0.4243774210590405, "11": 0.04056904108264227, "12": 0.16695720239538014, "13": 0.36925905182641, "14": 0.05462538209644875, "15": 0.1272639977102169, "16": 0.9911303745237574, "17": 0.1250109712584323, "18": 0.044070477362138344, "19": 0.16599015858685523, "20": 0.10075967044212233, "21": 0.8728406443917669, "22": 0.9888806561301876, "23": 0.2765469569512084, "24": 0.9767523373964386, "25": 0.14285304775351226, "26": 0.06575969421750023, "27": 0.1719817257565234, "28": 0.08129395713043565, "29": 0.04619477245132658, "30": 0.14766971995285663, "31": 0.04401137697862781, "32": 0.043743782234061036, "33": 0.15155807640056895, "34": 0.014948746256081015, "35": 0.15988153071261604, "36": 0.031182170515907773, "37": 0.014807576685403586, "38": 0.2763127156026391, "39": 0.036912104726597554, "40": 0.3095561837630336, "41": 0.1864385235028719, "42": 1.0, "43": 0.03069485326999833, "44": 0.2808569367204807, "45": 0.2237594239460453, "46": 0.36105089837941, "47": 0.3875582695498447, "48": 0.044454312276064306, "49": 0.9861477778870542, "50": 0.15607358276956937, "51": 1.0000000000000002, "52": 0.08734056528115665, "53": 0.15858283360853043, "54": 0.9759594329691508, "55": 0.9883438091781791, "56": 0.9437191503735685, "57": 0.11582289952548505, "58": 0.4799982044977042, "59": 0.09838714291724313, "60": 0.9879633468239826, "61": 0.12239077185140144, "62": 0.06411511868353281, "63": 0.07438842022044546, "64": 0.10561907843474518, "65": 0.06351487931377404, "66": 0.12750350586652934, "67": 0.0293981680118968, "68": 0.23785269088676445, "69": 0.08273680078803707, "70": 0.12187960059029236, "71": 0.1490445520837619, "72": 0.22548620350597057, "73": 0.12588491369462815, "74": 0.0989343247258911, "75": 0.8187788063250799, "76": 0.13460543337496877, "77": 0.10695319364287079, "78": 0.11706253212643324, "79": 0.2936910675124601, "80": 0.09145992757094575, "81": 0.14527651359164398, "82": 0.9146542943760663, "83": 0.038294489276577956, "84": 0.01389291308100337, "85": 0.08634253512688289, "86": 1.0, "87": 0.14680094198290947, "88": 0.01393849163092808, "89": 0.13432126735926192, "90": 0.04407753524823044, "91": 0.053790163724046595, "92": 0.9947349400505054, "93": 0.9921269773372412, "94": 0.1316244201195334, "95": 0.0737176031937305, "96": 0.26077841152279546, "97": 0.9895105437743782, "98": 0.13829212473600486, "99": 0.05970338960657028, "100": 0.1575526214390033, "101": 0.3398194401950385, "102": 0.5611864786254354, "103": 0.32817593666801725, "104": 0.1145718874411436, "105": 0.9492709760203285, "106": 0.2846824402439416, "107": 0.8801249182867079, "108": 0.12415682002690893, "109": 0.5107916938407299, "110": 0.16435640272521473, "111": 0.5445601916545615, "112": 0.18482784544601788, "113": 0.10705841066309583, "114": 0.4498347878925482, "115": 0.3893106868211803, "116": 0.12573432764766204, "117": 0.9812628280846551, "118": 0.9844633475197093, "119": 0.9576263700043821, "120": 0.3440313101284071, "121": 0.7573231081706197, "122": 0.9188595842760755, "123": 0.3306392006235642, "124": 0.09126163016064773, "125": 0.9505097642098536, "126": 0.5241817960984649, "127": 0.33173654414863596, "128": 0.8427998568293285, "129": 0.2470101835054217, "130": 0.34481706685667196, "131": 0.8382212469418547, "132": 0.306142412822372, "133": 0.07792359933257066, "134": 0.0960825097454798, "135": 0.024861982449183036, "136": 0.8801249182867079, "137": 0.906810833806446, "138": 0.022573014003578768, "139": 0.8829825464143599, "140": 0.8949340712455089, "141": 0.10112213144101491, "142": 0.9405964915526484, "143": 0.904348965075911, "144": 0.9519041746512835, "145": 0.4203813735420665, "146": 0.48614586018413797, "147": 0.25638140594868497, "148": 0.15805355447244873, "149": 0.7628113257217333, "150": 0.06282963182811767, "151": 0.2616627164398984, "152": 0.22964047530336815, "153": 0.7909605967878439, "154": 0.9003559061553916, "155": 0.402311725419264, "156": 0.10347257289820604, "157": 0.9146836206724662, "158": 0.4647390830269737, "159": 0.3214206728240366, "160": 0.0926367458469035, "161": 0.2959393919577443, "162": 0.13644228881756643, "163": 0.12788077388671998, "164": 0.051485569199496144, "165": 0.12853411591610986, "166": 0.07253525886467098, "167": 0.7975124707047525, "168": 0.177573131170722, "169": 0.11802540084964916, "170": 0.47943952893844494, "171": 0.32817593666801725, "172": 0.10106528443090766, "173": 0.2881286207337567, "174": 0.12549069828922305, "175": 0.06999714148405038, "176": 0.2066286537979376, "177": 0.1319394411933277, "178": 0.07135830416471578, "179": 0.4077801778525246, "180": 0.9784343959301496, "181": 0.2987863904659062, "182": 0.6617606386486943, "183": 0.6610032006939991, "184": 0.1753426684637286, "185": 0.4924649046688609, "186": 0.3283265229012627, "187": 0.19378439784113968, "188": 0.9667884504980132, "189": 0.9441188639391059, "190": 0.9650454828430224, "191": 0.9061395105772654, "192": 0.12607245963992506, "193": 0.05630271608917848, "194": 0.35820203619389673, "195": 0.565729617939075, "196": 0.8152388887323968, "197": 0.0477773288847561, "198": 0.41764811304716437, "199": 0.2576878767303995, "200": 0.06346848345300554, "201": 0.017431947345344194, "202": 0.9448910394421018, "203": 0.07821606722964754, "204": 0.932384915094954, "205": 0.2178026707821179, "206": 0.24144970535054858, "207": 0.018254556568426093, "208": 0.013749137179972025, "209": 0.138644506715942, "210": 0.34474611685722184, "211": 0.9014908458134748, "212": 0.06645138812658498, "213": 0.20144380416996108, "214": 0.5965805149257042, "215": 0.08372762913961364, "216": 0.11737116189920505, "217": 0.06744307324447242, "218": 0.03531935225631719, "219": 0.6327557871663705, "220": 0.016480787579794366, "221": 0.8560216571277611, "222": 0.13645956058037356, "223": 0.885689343034725, "224": 0.2731039720437899, "225": 0.059427477450872325, "226": 0.8782753231836564, "227": 0.013844908383250743, "228": 0.12959506779932647, "229": 0.05784744385265678, "230": 0.09372302130219047, "231": 0.07019370291363199, "232": 0.046622594227631486, "233": 0.055917437836369974, "234": 0.12067930987065473, "235": 0.23588887280090143, "236": 0.13947492535191566, "237": 0.20278933890000608, "238": 0.14992077267125442, "239": 0.14805531571911387, "240": 0.3176737240293198, "241": 0.9302346092426066, "242": 0.034043345002704305, "243": 0.060923040369145635, "244": 0.14523289186410188, "245": 0.8955041898270657, "246": 0.08149825135412819, "247": 0.12792980315164984, "248": 0.8451501643998185, "249": 0.016209480430491835, "250": 0.01317024821020407, "251": 0.14437039972053678, "252": 0.03410708489274789, "253": 0.1061235330696727, "254": 0.13742999546246265, "255": 0.050072469666232154, "256": 0.02263291599629513, "257": 0.3394187105241047, "258": 0.2931140242597643, "259": 0.4750340748710882, "260": 0.40969016155264054, "261": 0.8709143992470394, "262": 0.2036415265329527, "263": 0.8647289816331456, "264": 0.05935577056105955, "265": 0.03841672063650191, "266": 0.35697636300189467, "267": 0.7784901526894177, "268": 0.0830654503494681, "269": 0.8556965451113379, "270": 0.9507103902327115, "271": 0.8742683210508961, "272": 0.23319774528571896, "273": 0.8639901972447852, "274": 0.05935577056105955, "275": 0.05176411461727424, "276": 0.35697636300189467, "277": 0.8311270436998264, "278": 0.342968607435717, "279": 0.138644506715942, "280": 0.34474611685722184, "281": 0.016666567166067823, "282": 0.13645956058037356, "283": 0.055917437836369974, "284": 0.12067930987065473, "285": 0.25701309922494664, "286": 0.4934790822277039, "287": 0.013844908383250743, "288": 0.11646516345726869, "289": 0.06593273955978608, "290": 0.4830033737235766, "291": 0.5861444508480321, "292": 0.25078659086851796, "293": 0.35313811128378597, "294": 0.02905415110669776,