{"0": 0.12525145709514618, "1": 0.24447689950466156, "2": 0.1633751392364502, "3": 0.16625064611434937, "4": 0.12154775857925415, "5": 0.19691015779972076, "6": 0.09234943985939026, "7": 0.09529827535152435, "8": 0.19668875634670258, "9": 0.1425250768661499, "10": 0.15207408368587494, "11": 0.033738862723112106, "12": 0.23918545246124268, "13": 0.17229633033275604, "14": 0.17916640639305115, "15": 0.16655756533145905, "16": 0.13363878428936005, "17": 0.1872154027223587, "18": 0.10472487658262253, "19": 0.20699618756771088, "20": 0.1458471566438675, "21": 0.09556122124195099, "22": 0.23071475327014923, "23": 0.13157278299331665, "24": 0.18323659896850586, "25": 0.0959382951259613, "26": 0.06501193344593048, "27": 0.39493098855018616, "28": 0.11730384081602097, "29": 0.19000473618507385, "30": 0.16630737483501434, "31": 0.09928978979587555, "32": 0.09430491179227829, "33": 0.17872148752212524, "34": 0.12436214834451675, "35": 0.1635330617427826, "36": 0.13219232857227325, "37": 0.12902961671352386, "38": 0.19347158074378967, "39": 0.12429945170879364, "40": 0.20393387973308563, "41": 0.4054827094078064, "42": 1.000000238418579, "43": 0.13468950986862183, "44": 0.11662326008081436, "45": 0.24018000066280365, "46": 0.15893897414207458, "47": 0.060785457491874695, "48": 0.10587112605571747, "49": 0.1925724744796753, "50": 0.2202732115983963, "51": 1.0000001192092896, "52": 0.13239765167236328, "53": 0.09884075820446014, "54": 0.2612236738204956, "55": 0.2612064480781555, "56": 0.20760761201381683, "57": 0.17582930624485016, "58": 0.30129799246788025, "59": 0.09625734388828278, "60": 0.23971374332904816, "61": 0.12388382852077484, "62": 0.06395844370126724, "63": 0.13701672852039337, "64": 0.09180319309234619, "65": 0.14534790813922882, "66": 0.10081861168146133, "67": 0.06476735323667526, "68": 0.07983516901731491, "69": 0.06432226300239563, "70": 0.08146025985479355, "71": 0.1298130452632904, "72": 0.10139314830303192, "73": 0.1685972809791565, "74": 0.14290277659893036, "75": 0.048335056751966476, "76": 0.06960510462522507, "77": 0.08889875560998917, "78": 0.17817437648773193, "79": 0.197148859500885, "80": 0.072844959795475, "81": 0.13466505706310272, "82": 0.1599879115819931, "83": 0.11731792241334915, "84": 0.15993838012218475, "85": 0.22314685583114624, "86": 0.9999998807907104, "87": 0.11867272853851318, "88": 0.09593521803617477, "89": 0.08134995400905609, "90": 0.1278008371591568, "91": 0.2245316207408905, "92": 0.25955674052238464, "93": 0.24791112542152405, "94": 0.1435527801513672, "95": 0.10963279753923416, "96": 0.23169904947280884, "97": 0.2233007401227951, "98": 0.09739645570516586, "99": 0.09317079186439514, "100": 0.1675170212984085, "101": 0.16690851747989655, "102": 0.276191771030426, "103": 0.08992235362529755, "104": 0.19820517301559448, "105": 0.18670238554477692, "106": 0.11276376992464066, "107": 0.22131486237049103, "108": 0.17109571397304535, "109": 0.09530965983867645, "110": 0.2235528975725174, "111": 0.2534169554710388, "112": 0.20178285241127014, "113": 0.10832362622022629, "114": 0.13239628076553345, "115": 0.16773821413516998, "116": 0.2178202122449875, "117": 0.18762019276618958, "118": 0.15994568169116974, "119": 0.20046405494213104, "120": 0.1534520387649536, "121": 0.12343627214431763, "122": 0.1379670351743698, "123": 0.18621975183486938, "124": 0.22365151345729828, "125": 0.12697121500968933, "126": 0.14409027993679047, "127": 0.26478809118270874, "128": 0.25267350673675537, "129": 0.1850014626979828, "130": 0.08913256227970123, "131": 0.20441071689128876, "132": 0.15075454115867615, "133": 0.13469737768173218, "134": 0.13473008573055267, "135": 0.1483626514673233, "136": 0.22131486237049103, "137": 0.1506769210100174, "138": 0.11742725968360901, "139": 0.13775351643562317, "140": 0.10213939100503922, "141": 0.09036897122859955, "142": 0.16954796016216278, "143": 0.13602085411548615, "144": 0.1793861836194992, "145": 0.14678750932216644, "146": 0.14461472630500793, "147": 0.21328556537628174, "148": 0.18555068969726562, "149": 0.08418368548154831, "150": 0.17672771215438843, "151": 0.13784387707710266, "152": 0.20429180562496185, "153": 0.17766430974006653, "154": 0.20958323776721954, "155": 0.08819717168807983, "156": 0.09939956665039062, "157": 0.17954227328300476, "158": 0.1252976506948471, "159": 0.11839201301336288, "160": 0.07381825894117355, "161": 0.13929766416549683, "162": 0.1180134043097496, "163": 0.18705326318740845, "164": 0.10103552788496017, "165": 0.17456021904945374, "166": 0.11083891987800598, "167": 0.11584391444921494, "168": 0.09203549474477768, "169": 0.07024570554494858, "170": 0.11328428238630295, "171": 0.08992235362529755, "172": 0.1298684924840927, "173": 0.12183372676372528, "174": 0.13344919681549072, "175": 0.09833546727895737, "176": 0.08513637632131577, "177": 0.1676570624113083, "178": 0.10664844512939453, "179": 0.26677781343460083, "180": 0.08809589594602585, "181": 0.18805928528308868, "182": 0.2360241413116455, "183": 0.22598497569561005, "184": 0.11669284850358963, "185": 0.09467380493879318, "186": 0.13590827584266663, "187": 0.08060070872306824, "188": 0.16586315631866455, "189": 0.1426776498556137, "190": 0.21697428822517395, "191": 0.16117119789123535, "192": 0.19061236083507538, "193": 0.11018209904432297, "194": 0.07838582247495651, "195": 0.05706753954291344, "196": 0.09032043814659119, "197": 0.103746198117733, "198": 0.08122865110635757, "199": 0.15812616050243378, "200": 0.19021420180797577, "201": 0.1290244311094284, "202": 0.1783938705921173, "203": 0.1503714770078659, "204": 0.17054051160812378, "205": 0.11603081971406937, "206": 0.1727047711610794, "207": 0.04312150552868843, "208": 0.051614340394735336, "209": 0.20109617710113525, "210": 0.1427571177482605, "211": 0.16319125890731812, "212": 0.11764471232891083, "213": 0.1576264649629593, "214": 0.2030113786458969, "215": 0.12257066369056702, "216": 0.12543034553527832, "217": 0.10132162272930145, "218": 0.07438857108354568, "219": 0.16411718726158142, "220": 0.11154089123010635, "221": 0.10317825525999069, "222": 0.17645689845085144, "223": 0.14201311767101288, "224": 0.11512567847967148, "225": 0.039487648755311966, "226": 0.10193903744220734, "227": 0.03314222767949104, "228": 0.053249116986989975, "229": 0.09230881929397583, "230": 0.1098031997680664, "231": 0.180379718542099, "232": 0.0924118310213089, "233": 0.1495152711868286, "234": 0.03222222253680229, "235": 0.11623189598321915, "236": 0.07209452241659164, "237": 0.08024535328149796, "238": 0.10766767710447311, "239": 0.1509442776441574, "240": 0.14843936264514923, "241": 0.13600853085517883, "242": 0.1824767142534256, "243": 0.20425719022750854, "244": 0.12744860351085663, "245": 0.1274808794260025, "246": 0.13224400579929352, "247": 0.06211934983730316, "248": 0.12545877695083618, "249": 0.10742942243814468, "250": 0.10591640323400497, "251": 0.14288565516471863, "252": 0.18700096011161804, "253": 0.047757018357515335, "254": 0.04685863479971886, "255": 0.09698249399662018, "256": 0.10304006189107895, "257": 0.17011676728725433, "258": 0.06825820356607437, "259": 0.2085307538509369, "260": 0.24652160704135895, "261": 0.08509784936904907, "262": 0.14966775476932526, "263": 0.04782305285334587, "264": 0.09140866994857788, "265": 0.10146185755729675, "266": 0.1339605301618576, "267": 0.11206873506307602, "268": 0.06255379319190979, "269": 0.1438816636800766, "270": 0.2589987516403198, "271": 0.10797620564699173, "272": 0.15345114469528198, "273": 0.046200331300497055, "274": 0.09140866994857788, "275": 0.10433264821767807, "276": 0.1339605301618576, "277": 0.15789435803890228, "278": 0.07019902765750885, "279": 0.20109617710113525, "280": 0.1427571177482605, "281": 0.12464194744825363, "282": 0.17645689845085144, "283": 0.1495152711868286, "284": 0.03222222253680229, "285": 0.12584014236927032, "286": 0.10359783470630646, "287": 0.03314222767949104, "288": 0.05244237184524536, "289": 0.1787063628435135, "290": 0.17768165469169617,