{"0": 0.04829694061069622, "1": 0.07765031816857963, "2": 0.0729043674019014, "3": 0.07625256355967801, "4": 0.7142857142857143, "5": 0.07456047550592272, "6": 0.11546627021522082, "7": 0.15374923264269605, "8": 0.10035855088387464, "9": 0.7142857142857143, "10": 0.10473767683544118, "11": 0.03908711601248003, "12": 0.857249088466705, "13": 0.5531871541411207, "14": 0.05806413899657188, "15": 0.4504623590778115, "16": 0.07553916958365704, "17": 0.75, "18": 0.42857142857142855, "19": 0.7364531215815391, "20": 0.19000087578007402, "21": 0.060266252396010495, "22": 0.36363636363636365, "23": 0.07368795942330295, "24": 0.12407356028612053, "25": 0.16089486638713427, "26": 0.14102738791813263, "27": 0.03539002084249611, "28": 0.07774756295574592, "29": 0.08837170556583406, "30": 0.11741485230932565, "31": 0.13460970199792982, "32": 0.3333333333333333, "33": 0.08856938973739717, "34": 0.7145402103822237, "35": 0.07949623698874518, "36": 0.4580219481313816, "37": 0.7618552855924979, "38": 0.057527586637038504, "39": 0.04999356499554468, "40": 0.03885263402437633, "41": 0.04913154131693499, "42": 0.12474419337098791, "43": 0.5790450936074261, "44": 0.017740255926493448, "45": 0.0493893990026534, "46": 0.12913523579429867, "47": 0.6, "48": 0.2143139133622362, "49": 0.02889301175522809, "50": 0.07577210048038072, "51": 0.054363125611575386, "52": 0.05187927456778074, "53": 0.10424807481648493, "54": 0.06452267179171053, "55": 0.3157894736842105, "56": 0.44973986365755736, "57": 0.10663348217297607, "58": 0.03755892647318056, "59": 0.31137781636660433, "60": 0.07732796512358622, "61": 0.10770443643533582, "62": 0.765337532472154, "63": 0.038716112885279506, "64": 0.07146591572556582, "65": 0.08819026022850715, "66": 0.27546432782351127, "67": 0.09332269233134363, "68": 0.055195867235278, "69": 0.0507151581268906, "70": 0.05169026609536216, "71": 0.1206734434781151, "72": 0.42857142857142855, "73": 0.08402732652746174, "74": 0.36547942067547085, "75": 0.21727125727385285, "76": 0.7142857142857143, "77": 0.7406866004046069, "78": 0.09465959236581653, "79": 0.10541806417383824, "80": 0.15638038889804717, "81": 0.07889939712614089, "82": 0.06010955962913449, "83": 0.166395657621822, "84": 1.0, "85": 0.051465925318813055, "86": 0.8, "87": 0.035037694325711084, "88": 0.590314598798162, "89": 0.03903818161897608, "90": 0.12123581339999123, "91": 0.12774493090292985, "92": 0.06105860199039285, "93": 0.0457122959622591, "94": 0.10024831775098762, "95": 0.32808539326105196, "96": 0.2608997938793242, "97": 0.1036457211720984, "98": 0.1871395376545922, "99": 0.03719774483190919, "100": 0.3076923076923077, "101": 0.06174165996557469, "102": 0.09500958111179067, "103": 0.04563042162874329, "104": 0.6666666666666666, "105": 0.3473778619325538, "106": 0.10320501079485933, "107": 0.22686605456796355, "108": 0.7142857142857143, "109": 0.299951240126385, "110": 0.5555555555555556, "111": 0.7018818839377637, "112": 0.02617186318868563, "113": 0.36363636363636365, "114": 0.05089681563406867, "115": 0.06309881096618986, "116": 0.04217990104143378, "117": 0.6, "118": 0.0667486125016637, "119": 0.05505054639878816, "120": 0.03067853563752992, "121": 0.0878317882356619, "122": 0.14124203601256208, "123": 0.052800886445922124, "124": 0.09882926235026855}