{"0": 0.07766840061941194, "1": 0.9545454545454546, "2": 0.42954851063782484, "3": 0.05821450434409105, "4": 0.2963081323655764, "5": 0.616529475976858, "6": 0.08473273946618427, "7": 0.053584557661299326, "8": 0.5540392211319358, "9": 0.25011606295713273, "10": 0.09879940482538027, "11": 0.05796033074079655, "12": 0.6417256536496543, "13": 0.433237297894603, "14": 0.6958024149122166, "15": 0.03196272767833137, "16": 0.6754797242175316, "17": 0.5784426725575169, "18": 0.05339396401775922, "19": 0.7923251985131522, "20": 0.6967384968503719, "21": 0.053042649232754015, "22": 0.4943840822021688, "23": 0.07170223315471656, "24": 0.6616686242873486, "25": 0.12156543547470847, "26": 0.019271300079761466, "27": 0.7947502513065592, "28": 0.10981899361293572, "29": 0.5350846034044628, "30": 0.5945780117148464, "31": 0.004252886076049135, "32": 0.10534005694236358, "33": 0.4128884917501134, "34": 0.11211887485605138, "35": 0.537026297193876, "36": 0.0501081548791955, "37": 0.04985703296214354, "38": 0.6871867974086964, "39": 0.4128198763138614, "40": 0.021033715140048898, "41": 0.8989887760452042, "42": 1.0, "43": 0.7106557227689071, "44": 0.10014210944444467, "45": 0.7930486191591023, "46": 0.05796007446139411, "47": 0.0747013344201726, "48": 0.0560699618857374, "49": 0.7978605072238216, "50": 0.8859280853164653, "51": 1.0, "52": 0.09984434139917538, "53": 0.08879207694358048, "54": 0.9559811857494921, "55": 0.7337400037043263, "56": 0.12410408238655944, "57": 0.4983184212033545, "58": 0.7058843760518877, "59": 0.13524162102213438, "60": 0.817986850824361, "61": 0.01723086669899392, "62": 0.044446370188999704, "63": 0.0811217637287153, "64": 0.0994556234377767, "65": 0.054635365956443686, "66": 0.013146565001712388, "67": 0.06278709697426192, "68": 0.0710627759535025, "69": 0.01618204150244305, "70": 0.04061479617140417, "71": 0.04472431540598299, "72": 0.04331294457481705, "73": 0.02752248497125826, "74": 0.0244804104230682, "75": 0.00528978965160199, "76": 0.0007621787925042422, "77": 0.01372572625247661, "78": 0.04716402597182695, "79": 0.7767769743790499, "80": 0.025747691204647257, "81": 0.3953500498763388, "82": 0.06118023631799113, "83": 0.028378920284939557, "84": 0.07399024344468148, "85": 0.8147493887151928, "86": 1.0, "87": 0.12465318663157955, "88": 0.04717357691668553, "89": 0.0864811513613938, "90": 0.2165162047215939, "91": 0.6815209260629957, "92": 0.8769526817902592, "93": 0.8314353155947434, "94": 0.04745578908516113, "95": 0.048547711388641515, "96": 0.8015776058964037, "97": 0.7790748253106411, "98": 0.060280901015243325, "99": 0.002523675072089443, "100": 0.8571428571428571, "101": 0.16373241755929413, "102": 0.7142857142857143, "103": 0.10654726705311793, "104": 0.315453730660054, "105": 0.6666666666666666, "106": 0.42857142857142855, "107": 0.23076923076923078, "108": 0.41517729212856125, "109": 0.6666666666666666, "110": 0.3347914299576, "111": 0.8, "112": 0.6666666666666666, "113": 0.875, "114": 0.23682781876221867, "115": 0.5452357378649142, "116": 0.4934955089025952, "117": 0.47998234492638436, "118": 0.5672268907563025, "119": 0.4026493823526459, "120": 0.3803109641400843, "121": 0.2857142857142857, "122": 0.1815260394299258, "123": 0.2838699764511714, "124": 0.3219557382346081, "125": 0.8, "126": 0.6666666666666666, "127": 0.4444444444444444, "128": 0.2836597196775482, "129": 0.17193039183719927, "130": 0.21117702657516516, "131": 0.4, "132": 0.14182156803483117, "133": 0.2190844542487044, "134": 0.16248856516195362, "135": 0.28092834419722007, "136": 0.23076923076923078, "137": 0.12604347176693842, "138": 0.03255679453802209, "139": 0.75, "140": 0.22680752375739047, "141": 0.08864076738352346, "142": 0.11964050587113619, "143": 0.06730259232022165, "144": 0.5587929376540229, "145": 0.75, "146": 0.3515698640598971, "147": 0.5963546643984458, "148": 0.10071405882592845, "149": 0.05438682153831213, "150": 0.3804728373034289, "151": 0.2302202742803905, "152": 0.23010873730758133, "153": 0.0, "154": 0.11947820986931627, "155": 0.19275628385504426, "156": 0.15453408186337061, "157": 0.1532758415744687, "158": 0.08662411048675862, "159": 0.08565694138453255, "160": 0.036988200286288686, "161": 0.11412679906635641, "162": 0.1062203993586439, "163": 0.18919084867235184, "164": 0.14420769190256924, "165": 0.08125953370950169, "166": 0.47383396701973074, "167": 0.049412921065604534, "168": 0.13648794774823067, "169": 0.025308302463435278, "170": 0.055485623996765134, "171": 0.10654726705311793, "172": 0.044075037350520506, "173": 0.1766008533585254, "174": 0.11151170746550158, "175": 0.030393910567055767, "176": 0.08964608794041984, "177": 0.5, "178": 0.10025892363527023, "179": 0.6521739130434783, "180": 0.6283446321598545, "181": 0.625, "182": 0.6, "183": 0.7142857142857143, "184": 0.2417445111428064, "185": 0.4466254962505514, "186": 0.32121082353974156, "187": 0.2938510214616584, "188": 0.39842252719943433, "189": 0.2868369962517624, "190": 0.84, "191": 0.15075717709345643, "192": 0.24978875567614728, "193": 0.05292370658260532, "194": 0.0, "195": 0.06894608068524002, "196": 0.06304626039766037, "197": 0.0002458951925753217, "198": 0.035062041250713896, "199": 0.5153421417725508, "200": 0.810666541258053, "201": 0.2188446211886607, "202": 0.18723818999323003, "203": 0.06783641132659639, "204": 0.13437764001680097, "205": 0.002602747347707996, "206": 0.11277950753418908, "207": 0.07255582349034724, "208": 0.0022559172687395264, "209": 0.2562546549470679, "210": 0.21489283270481788, "211": 0.07924963313193235, "212": 0.024660171640463895, "213": 0.10189500158722119, "214": 0.10145759807850009, "215": 0.06255699081213528, "216": 0.0058520985328042435, "217": 0.0019387673433898624, "218": 0.017058492307684962, "219": 0.2790029073231935, "220": 0.08019755354228453, "221": 0.04473010579637148, "222": 0.3640258067183401, "223": 0.12764914383676812, "224": 0.31592795704218735, "225": 0.026932695686914074, "226": 0.05393295082827747, "227": 0.059581776768480955, "228": 8.606945551795069e-05, "229": 0.055815068158450755, "230": 0.002887599445431165, "231": 0.0011568694739702207, "232": 0.04045856253658825, "233": 0.0002279702017909751, "234": 0.044673787480285616, "235": 0.0029775589023829916, "236": 0.0004944227591643279, "237": 0.004809702865272693, "238": 0.15831181905510971, "239": 0.3993921533457453, "240": 0.18870051958660253, "241": 0.2805359700029817, "242": 0.14002343243045, "243": 0.3543975640406485, "244": 0.10996814814761356, "245": 0.09893001692470428, "246": 0.12884976809904475, "247": 0.007468870870708441, "248": 0.0012459712562995088, "249": 0.03543297400150341, "250": 0.02864808655518999, "251": 0.05005370789596368, "252": 0.039266214732280966, "253": 0.022926142795934377, "254": 0.04429959234950705, "255": 0.03569104731180561, "256": 0.03489168585108357, "257": 0.02886212775836064, "258": 0.20390547371443157, "259": 0.31535997366547874, "260": 0.4055743781800733, "261": 0.083956448538197, "262": 0.11409138294713551, "263": 0.06083815443981602, "264": 0.4195910454408509, "265": 0.002630520571430302, "266": 0.03728253728877474, "267": 0.004116718320566049, "268": 0.002698099310151355, "269": 0.2783754187065191, "270": 0.4055743781800733, "271": 0.1291560599274957, "272": 0.12521017415913044, "273": 0.06486252603397488, "274": 0.4195910454408509, "275": 0.0027403321525012445, "276": 0.03728253728877474, "277": 0.0015293744378949996, "278": 0.032309215725959094, "279": 0.2562546549470679, "280": 0.21489283270481788, "281": 0.05043436067393271, "282": 0.3640258067183401, "283": 0.0002279702017909751, "284": 0.044673787480285616, "285": 0.04370104004861703, "286": 0.1187332983137372, "287": 0.059581776768480955, "288": 8.606945551795069e-05, "289": 0.2316812938279397, "290": 0.15196659289432016, "291": 0.0778951512103334, "292": 0.06604880337029495, "293": 0.055887217949630794, "294": 0.0027708216848365036, "295": 0.04370104004861703, "296": 0.1187332983137372, "297": 0.006024380350477214, "298": 0.003985923440411936, "299": 1.0,