{"0": 0.1798252576332402, "1": 0.9428571428571428, "2": 0.311068719854607, "3": 0.04761441741669806, "4": 0.1701512889215296, "5": 0.5783790806673449, "6": 0.10676279918506117, "7": 0.05782477454795241, "8": 0.4323453550120036, "9": 0.16629163252101317, "10": 0.19808054490365165, "11": 0.06335318135732981, "12": 0.6075777879197429, "13": 0.28983267017788245, "14": 0.3285119440301557, "15": 0.05797525835030718, "16": 0.8636363636363636, "17": 0.2519270788093339, "18": 0.051431505611232324, "19": 0.35008147424928737, "20": 0.876722044107646, "21": 0.0, "22": 0.22058339327215942, "23": 0.06559928570047557, "24": 0.6575379796725115, "25": 0.06695688415611699, "26": 0.0068206965249314215, "27": 0.5069715082215995, "28": 0.033484531156253286, "29": 0.48848941318637773, "30": 0.46840166760904506, "31": 0.046357485565687744, "32": 0.06150398658169189, "33": 0.24750131066685807, "34": 0.16123803939024786, "35": 0.5207709212602579, "36": 0.0014335767846379282, "37": 0.005541263609868067, "38": 0.4011158607825923, "39": 0.288772192110686, "40": 0.051313169135221964, "41": 0.9387755102040817, "42": 1.0, "43": 0.4370252677664185, "44": 0.07134553422799607, "45": 0.6542178518228641, "46": 0.04689761714679936, "47": 0.05819063977892679, "48": 0.000519761269955193, "49": 0.7563903920293928, "50": 0.8828058169375533, "51": 1.0, "52": 0.04951084420047169, "53": 0.05738851687484127, "54": 0.9523809523809523, "55": 0.8152152264788419, "56": 0.0635369754645615, "57": 0.28720763414455774, "58": 0.2757634985252276, "59": 0.05265542267752651, "60": 0.7429546753298149, "61": 0.008874482880762466, "62": 0.018908136504572085, "63": 0.017964861560846288, "64": 0.022632279015089834, "65": 0.022582487862334463, "66": 0.010566679673794203, "67": 0.03730436178600891, "68": 0.03336372025843273, "69": 0.004051649850072424, "70": 0.01167507047765543, "71": 0.002407601313438212, "72": 0.011493895211438487, "73": 0.038581141333449566, "74": 0.020696723861493436, "75": 0.004934234898265092, "76": 0.0042727225640217074, "77": 0.004606452146466645, "78": 0.005984578972428554, "79": 0.3522272739493806, "80": 0.006212810837075996, "81": 0.2921271527714425, "82": 0.03202784447058979, "83": 0.007581592925941572, "84": 0.07385512583426738, "85": 0.7901874476522857, "86": 1.0, "87": 0.15793447980953038, "88": 0.03223645243838111, "89": 0.12069535347796423, "90": 0.19323622766426285, "91": 0.6242289538051391, "92": 0.9140998441449704, "93": 0.8744309001892174, "94": 0.06438949837335523, "95": 0.043759656384835574, "96": 0.5453111341810856, "97": 0.5250854159482825, "98": 0.08387798963901995, "99": 0.0019996013554063824, "100": 0.6407647864386377, "101": 0.5397429795335553, "102": 0.556322416774441, "103": 0.04693646011852959, "104": 0.27903548117168514, "105": 0.4808400935538505, "106": 0.25540542287212936, "107": 0.1735408620733436, "108": 0.6010979762790152, "109": 0.3441786981551959, "110": 0.12273552978344712, "111": 0.6866593270265939, "112": 0.5328155339805826, "113": 0.5136428824977208, "114": 0.1539966024027259, "115": 0.4678276178104061, "116": 0.40829207972423437, "117": 0.4014854129934053, "118": 0.45454545454545453, "119": 0.4145542035440153, "120": 0.4574748116547155, "121": 0.08333333333333333, "122": 0.09073791449587001, "123": 0.2705760916766594, "124": 0.7534776768435671, "125": 0.566723511787295, "126": 0.4861976847729297, "127": 0.4666666666666667, "128": 0.2365102710055161, "129": 0.06962295029792655, "130": 0.29140464253725396, "131": 0.15946427510619457, "132": 0.2628055214744854, "133": 0.5623984316557898, "134": 0.16160780667462818, "135": 0.38806127497737997, "136": 0.1735408620733436, "137": 0.12813131963698918, "138": 0.031595060398082124, "139": 0.4338060696787011, "140": 0.2120324810651601, "141": 0.16300829326069138, "142": 0.21139783367926368, "143": 0.03518571178819818, "144": 0.4077164942372498, "145": 0.7108278945475102, "146": 0.5429711193020109, "147": 0.3876222879071318, "148": 0.04282582512568128, "149": 0.0017977964335278843, "150": 0.4465926319363565, "151": 0.14934684195837655, "152": 0.2927747068472202, "153": 0.0555496872828353, "154": 0.22743029092151792, "155": 0.15212587920630755, "156": 0.18748299921661862, "157": 0.21904289632170312, "158": 0.05897160331188467, "159": 0.1365906892891748, "160": 0.061324261295943705, "161": 0.12697252100721285, "162": 0.14932412948785478, "163": 0.2051532680815706, "164": 0.19620148637489676, "165": 0.0, "166": 0.238807944148129, "167": 0.0, "168": 0.08567698217283569, "169": 0.026074088224903584, "170": 0.0004896817745172721, "171": 0.04693646011852959, "172": 0.09941991884237499, "173": 0.06431650840452116, "174": 0.08974446805569468, "175": 0.0004936308821766924, "176": 0.024317025507445262, "177": 0.26163847336006196, "178": 0.10605491903138815, "179": 0.767741935483871, "180": 0.7672190858616598, "181": 0.3766137418648915, "182": 0.8888888888888888, "183": 0.7777777777777778, "184": 0.22882531743204826, "185": 0.5502822792875148, "186": 0.11341837001971906, "187": 0.1320525867016104, "188": 0.501536312849162, "189": 0.2566093340519589, "190": 0.6001041936743878, "191": 0.06205610472224512, "192": 0.22036664967619166, "193": 0.07508539202682706, "194": 0.004646415304304828, "195": 0.1575440501455999, "196": 0.010468291315239877, "197": 0.0001737042724530498, "198": 0.00021680299578695622, "199": 0.11487901475841984, "200": 0.5132568241395402, "201": 0.06885214946704935, "202": 0.15911153085492985, "203": 0.07892095442133411, "204": 0.17454382850499736, "205": 0.006831885417151557, "206": 0.030461336753235656, "207": 0.0413826760511868, "208": 0.006220912409943079, "209": 0.098696336620272, "210": 0.0806060580040558, "211": 0.03132806016050626, "212": 0.03607165990562707, "213": 0.07381325568878964, "214": 0.05000372958977371, "215": 0.05439443091475436, "216": 0.01935196497991268, "217": 0.0019154402647056769, "218": 0.00281571427533686, "219": 0.0850959420279047, "220": 0.07280724888410776, "221": 0.05851865624942989, "222": 0.4463876908581535, "223": 0.16830384623114464, "224": 0.48772621957153145, "225": 0.0006446507059904873, "226": 0.08029474025688893, "227": 0.03371318366755607, "228": 0.0, "229": 0.02223572222150816, "230": 0.0, "231": 0.0030914239866985057, "232": 0.0005646815746871974, "233": 0.03984143474332802, "234": 0.001151674822918006, "235": 0.004642532887249984, "236": 0.02334448061337189, "237": 0.0036162497416601666, "238": 0.09177722492363173, "239": 0.5579090799622275, "240": 0.17859515260869488, "241": 0.29938499009294695, "242": 0.09645482781350499, "243": 0.2980637072435425, "244": 0.05592426957097952, "245": 0.062224862153718107, "246": 0.14452368340996008, "247": 0.00705866618491251, "248": 0.004555390595911913, "249": 0.006390853002944093, "250": 0.007092154122891397, "251": 0.040811735179189845, "252": 0.011263424556109985, "253": 0.025841645204224793, "254": 0.012989450758667183, "255": 0.02309452446810727, "256": 0.01308385277423391, "257": 0.0056215089367713505, "258": 0.04564842531500431, "259": 0.17936498014776595, "260": 0.494684067567171, "261": 0.11893712097056228, "262": 0.05064642900173923, "263": 0.031064844429305263, "264": 0.10411127075611203, "265": 0.0006541449038087794, "266": 0.06510280450982342, "267": 0.006000478303698465, "268": 0.0, "269": 0.16191215454124874, "270": 0.49317842412904483, "271": 0.2868613430850829, "272": 0.07496725256889161, "273": 0.052050784887285935, "274": 0.10411127075611203, "275": 0.0007518875820395294, "276": 0.06510280450982342, "277": 0.00549934991090482, "278": 0.03895327257331324, "279": 0.098696336620272, "280": 0.0806060580040558, "281": 0.07232446612466259, "282": 0.4463876908581535, "283": 0.03984143474332802, "284": 0.001151674822918006, "285": 0.015202048034733073, "286": 0.05309755195097162, "287": 0.03371318366755607, "288": 0.0, "289": 0.08936799622932284, "290": 0.08824431414554915, "291": 0.029533644123881854, "292": 0.01890099103098449, "293": 0.028576979994220403, "294": 0.001498736479895095, "295": 0.015202048034733073,