{"0": 0.1471531650964794, "1": 0.9314118342030127, "2": 0.4741814925579639, "3": 0.05347834670823454, "4": 0.31045385378052576, "5": 0.6148717295343316, "6": 0.17612023979896635, "7": 0.05369839897316203, "8": 0.6871668338356686, "9": 0.2467197321742473, "10": 0.21737562372734331, "11": 0.08144423520433394, "12": 0.7516225603483481, "13": 0.4256848784865337, "14": 0.5144454540407247, "15": 0.051245870733391305, "16": 0.7850298175965177, "17": 0.6359544542707488, "18": 0.07650278198717267, "19": 0.683062345841527, "20": 0.8348062757919569, "21": 0.045178848628079145, "22": 0.5478736012374821, "23": 0.06583799884562225, "24": 0.6701546628031796, "25": 0.0892768140095633, "26": 0.028451109430015463, "27": 0.7221934133693084, "28": 0.08537489650765172, "29": 0.5739741206356475, "30": 0.5732595083338256, "31": 0.051756780086338626, "32": 0.08537976245185255, "33": 0.46269236690886045, "34": 0.1591847689775185, "35": 0.5586120918323134, "36": 0.04229231923383588, "37": 0.0356536540398739, "38": 0.6257254840680788, "39": 0.43422229772172816, "40": 0.059891331097555775, "41": 0.9359984278288191, "42": 1.0, "43": 0.5046536376266094, "44": 0.10420944067331812, "45": 0.759997436220744, "46": 0.08904341211077078, "47": 0.08530879788849202, "48": 0.02814534454730593, "49": 0.7648090265785636, "50": 0.8872801540514703, "51": 1.0, "52": 0.1164096730728063, "53": 0.12477538004806589, "54": 0.9391422098786785, "55": 0.8764660263738103, "56": 0.10905613716791132, "57": 0.4659187424746456, "58": 0.7122856988804745, "59": 0.11225742891017887, "60": 0.8000164158595213, "61": 0.039787807516794414, "62": 0.0426012673210992, "63": 0.07103985947834304, "64": 0.07621082653505074, "65": 0.06055010411850877, "66": 0.028106817175918168, "67": 0.07810148892318684, "68": 0.07626629204759937, "69": 0.04905458812328794, "70": 0.04228359041993828, "71": 0.04077874461534414, "72": 0.04041059476073426, "73": 0.11154714886472697, "74": 0.05121917200848908, "75": 0.001200461025151126, "76": 0.001251554876417984, "77": 0.01362968267057381, "78": 0.02399403146506768, "79": 0.6839283347495864, "80": 0.025925184743451415, "81": 0.4754337166292595, "82": 0.0634841816004189, "83": 0.031001116217875192, "84": 0.08233469920906601, "85": 0.8008965904354435, "86": 1.0, "87": 0.17061940276175186, "88": 0.04433822828976545, "89": 0.144363793791286, "90": 0.2128788987974246, "91": 0.6123748160972355, "92": 0.8453666889805841, "93": 0.9090374570272296, "94": 0.06249225204318839, "95": 0.06537674273370021, "96": 0.7638779338064083, "97": 0.7219592448929903, "98": 0.0772026149707465, "99": 0.002666712484558901, "100": 0.6934107105926778, "101": 0.5422232707761521, "102": 0.8, "103": 0.05612601009411202, "104": 0.23374762744052596, "105": 0.5, "106": 0.383513786938998, "107": 0.14352979935725982, "108": 0.5843102499279794, "109": 0.5592553867903729, "110": 0.3529279316378909, "111": 0.7777777777777778, "112": 0.5265825008787692, "113": 0.6414218490703991, "114": 0.21800045852943653, "115": 0.5749582743254252, "116": 0.5275715404752098, "117": 0.5907822169035031, "118": 0.4055488154718693, "119": 0.40363994966704253, "120": 0.3847186643854386, "121": 0.08114130574147754, "122": 0.18795621256909092, "123": 0.26088504523254613, "124": 0.8015349235116093, "125": 0.7650918566275208, "126": 0.48641357683533193, "127": 0.3963534562237366, "128": 0.2296388664685487, "129": 0.06795070785080293, "130": 0.2482649988332988, "131": 0.18986066478341335, "132": 0.27175569481016454, "133": 0.5561513140802367, "134": 0.15740228553914487, "135": 0.3548265822897664, "136": 0.14352979935725982, "137": 0.1523231369705484, "138": 0.04388149381649993, "139": 0.5534298327946376, "140": 0.21793406325810294, "141": 0.18515049941283881, "142": 0.32650524703719025, "143": 0.07581141424717518, "144": 0.3394391302226644, "145": 0.7235285268658538, "146": 0.4343478418469589, "147": 0.3271304613519385, "148": 0.13072960941481798, "149": 0.03907850319532234, "150": 0.46531754200347586, "151": 0.43061868232200196, "152": 0.23582898035934033, "153": 0.04640490959313377, "154": 0.30321793176405176, "155": 0.2423523107646284, "156": 0.18636046760639305, "157": 0.18543040080885587, "158": 0.24142998127878965, "159": 0.10032847982269773, "160": 0.07917461676325842, "161": 0.11270457757087325, "162": 0.14641935229847816, "163": 0.16650183167312205, "164": 0.15588011138258068, "165": 0.03179446955007411, "166": 0.3023631800127419, "167": 0.027464617882521813, "168": 0.07677326514065466, "169": 0.04148883670927114, "170": 0.03282124888254249, "171": 0.05612601009411202, "172": 0.14329134945967373, "173": 0.15338675510494798, "174": 0.09778651541371275, "175": 0.0013244410349406428, "176": 0.0381396002669567, "177": 0.35714285714285715, "178": 0.09530649159997846, "179": 0.7309533808830683, "180": 0.7777777777777778, "181": 0.315696692075873, "182": 0.8888888888888888, "183": 0.7777777777777778, "184": 0.29797633356124525, "185": 0.5638319081372689, "186": 0.2622932135441061, "187": 0.264358658638671, "188": 0.4785733806000347, "189": 0.4663427814402824, "190": 0.722504980940183, "191": 0.16372178139867358, "192": 0.3328049337807312, "193": 0.06392276092314093, "194": 0.03103951922948082, "195": 0.15193666779154413, "196": 0.03724091463191295, "197": 0.002176312395340788, "198": 0.02972128570355511, "199": 0.39858321399913804, "200": 0.6031537889807643, "201": 0.17332499565302237, "202": 0.24633210675618025, "203": 0.0919852381100223, "204": 0.14447738268881913, "205": 0.005322433862466103, "206": 0.1370129511067706, "207": 0.0501282804656527, "208": 0.004123374759226134, "209": 0.3016906337355174, "210": 0.2792763965756531, "211": 0.07967211394238781, "212": 0.05014611029434308, "213": 0.09372443479091547, "214": 0.08573856827127682, "215": 0.10912504748851717, "216": 0.051661766123539545, "217": 0.005279592427465491, "218": 0.016398993406303318, "219": 0.1693763660168316, "220": 0.11859554611450103, "221": 0.09496982171305596, "222": 0.37341934982315095, "223": 0.16525663154225223, "224": 0.488988279252117, "225": 0.0326303445278892, "226": 0.06573782139028274, "227": 0.06471172850324816, "228": 0.0003979017789316778, "229": 0.04555757637321635, "230": 0.021193039908658853, "231": 0.00108343498888247, "232": 0.022494500044461917, "233": 0.04901858180388291, "234": 0.02947939216259415, "235": 0.0014368927861703503, "236": 0.04963204422864109, "237": 0.005125891705720042, "238": 0.15783437911178963, "239": 0.6280920407312839, "240": 0.23159466798305098, "241": 0.21502655084792985, "242": 0.17773850412119158, "243": 0.3277820911141608, "244": 0.135195993082484, "245": 0.12458014006192243, "246": 0.1438538101580377, "247": 0.006889625993491865, "248": 0.02187917249100989, "249": 0.002732016536620468, "250": 0.0016090623352469596, "251": 0.07036274828250155, "252": 0.027039600869115783, "253": 0.046191355692480965, "254": 0.030411569178898683, "255": 0.06842791572267883, "256": 0.029420256965320697, "257": 0.02420216047057371, "258": 0.13211403403675318, "259": 0.2795304619885469, "260": 0.4634209913846686, "261": 0.10943708406372814, "262": 0.12324545292838926, "263": 0.13020688075809894, "264": 0.21392340154653164, "265": 0.02391995322918797, "266": 0.06481688670088998, "267": 0.027061456368247732, "268": 0.0013554132882796818, "269": 0.27013089258513157, "270": 0.5480770566932952, "271": 0.21761512441479983, "272": 0.16155239553250852, "273": 0.13903630711437695, "274": 0.21392340154653164, "275": 0.02618390725209844, "276": 0.06481688670088998, "277": 0.02571112575937282, "278": 0.04454660274332077, "279": 0.3016906337355174, "280": 0.2792763965756531, "281": 0.1237182645160171, "282": 0.37341934982315095, "283": 0.04901858180388291, "284": 0.02947939216259415, "285": 0.03140715228741449, "286": 0.15004955653832033, "287": 0.06471172850324816, "288": 0.0003979017789316778, "289": 0.27752263980531, "290": 0.20705020248146888, "291": 0.12721731348533205, "292": 0.08192921336170246, "293": 0.06513370271476042, "294": 0.018393838920671764,