{"0": 0.1463901940764562, "1": 0.9473684210526315, "2": 0.4403036977856762, "3": 0.07890359250186789, "4": 0.3799153598306828, "5": 0.6593899371700123, "6": 0.17942424366513748, "7": 0.0397274723892104, "8": 0.7317073170731707, "9": 0.2540774875755505, "10": 0.31919764955361996, "11": 0.1050272719788766, "12": 0.7782717589799452, "13": 0.40135903089288916, "14": 0.6216216216216216, "15": 0.06487989486091954, "16": 0.762302123349675, "17": 0.7761382062936355, "18": 0.08764423590153772, "19": 0.7847976805959554, "20": 0.8918918918918919, "21": 0.01832815427113047, "22": 0.5547020511497691, "23": 0.07404193598019272, "24": 0.6530121794902037, "25": 0.08195736723102069, "26": 0.05067600572599818, "27": 0.8326113261736078, "28": 0.1021175328361101, "29": 0.5985279358378285, "30": 0.5751545958998898, "31": 0.0439745807750143, "32": 0.07945188440041459, "33": 0.49844872648656263, "34": 0.20383893676417045, "35": 0.5620976276303226, "36": 0.07182939456099866, "37": 0.02845294426685162, "38": 0.7380952380952381, "39": 0.4854187687773099, "40": 0.04577868895023152, "41": 0.9056603773584906, "42": 1.0, "43": 0.55, "44": 0.06833617711114964, "45": 0.7264677315997818, "46": 0.10251563720729587, "47": 0.06767093753958155, "48": 0.004662499162191623, "49": 0.8, "50": 0.9430466600790937, "51": 1.0, "52": 0.09201955130071833, "53": 0.1239051327691148, "54": 0.9482758620689655, "55": 0.8405797101449275, "56": 0.08023045986428745, "57": 0.45066344096284056, "58": 0.7647058823529411, "59": 0.11111993282497284, "60": 0.89110216474174, "61": 0.07234963589102864, "62": 0.06334253082072352, "63": 0.05046236049804324, "64": 0.05071602750522949, "65": 0.03587740516415527, "66": 0.03621215680560331, "67": 0.10330944687319808, "68": 0.11265617748146807, "69": 0.04777874605942623, "70": 0.03334126495179101, "71": 0.02325059399225647, "72": 0.042521262928258065, "73": 0.08848161532725295, "74": 0.045971050129766676, "75": 0.008366569661660501, "76": 0.004900695697796772, "77": 0.020847136730820576, "78": 0.021633414567598114, "79": 0.7, "80": 0.0315449673378578, "81": 0.45141619303574887, "82": 0.09897519905103319, "83": 0.039062771804961136, "84": 0.0956477640291485, "85": 0.8809523809523809, "86": 1.0, "87": 0.16204784591238772, "88": 0.04764479788056999, "89": 0.12019720496918955, "90": 0.19838029964032686, "91": 0.7603058515972891, "92": 0.9034409910576238, "93": 0.9177504942253667, "94": 0.06832594387403434, "95": 0.08453572200820643, "96": 0.7441860465116279, "97": 0.796875, "98": 0.09064573322212437, "99": 0.0028085768360683713, "100": 0.7272727272727273, "101": 0.6666666666666666, "102": 0.7272727272727273, "103": 0.06832534495481749, "104": 0.20419904272891176, "105": 0.5555555555555556, "106": 0.45454545454545453, "107": 0.1371064866014165, "108": 0.6666666666666666, "109": 0.5714285714285714, "110": 0.2778743208294166, "111": 0.7777777777777778, "112": 0.5810055865921787, "113": 0.44478921787154, "114": 0.2557673959690511, "115": 0.582937223419151, "116": 0.4676273051238051, "117": 0.6579423883080797, "118": 0.4747619047619047, "119": 0.3756094007601659, "120": 0.36918722497765755, "121": 0.1111111111111111, "122": 0.16193049440341212, "123": 0.25386092055699866, "124": 0.8333333333333334, "125": 0.6666666666666666, "126": 0.5555555555555556, "127": 0.29123386274453267, "128": 0.17244979309821207, "129": 0.06838825415880187, "130": 0.21987029930698182, "131": 0.1828679027913739, "132": 0.2610272379675983, "133": 0.7288719203638423, "134": 0.08738890215099777, "135": 0.27224961845128826, "136": 0.1371064866014165, "137": 0.15066299372613784, "138": 0.04976928898739032, "139": 0.4090909090909091, "140": 0.19360732621237126, "141": 0.19231467149553252, "142": 0.19645812866232032, "143": 0.05139893377585649, "144": 0.31260399281651713, "145": 0.7272727272727273, "146": 0.38684234432213954, "147": 0.22369106550960732, "148": 0.10665323365521831, "149": 0.03671860886786521, "150": 0.36854777595518357, "151": 0.33403175192655593, "152": 0.206208423064275, "153": 0.05434248135327345, "154": 0.2479879263974178, "155": 0.358974358974359, "156": 0.07808539314728037, "157": 0.14857138226365346, "158": 0.14683577862871372, "159": 0.13178353453081934, "160": 0.08466164782487455, "161": 0.08894944512078334, "162": 0.16373048730356607, "163": 0.16081307706268663, "164": 0.18624854224942486, "165": 0.032587547179578236, "166": 0.17592198581560298, "167": 0.03663100488258974, "168": 0.08377607454324615, "169": 0.05644865319404698, "170": 0.0403695367022961, "171": 0.06832534495481749, "172": 0.09949217932590554, "173": 0.18026561353102447, "174": 0.09909533032411778, "175": 0.0044707716269422005, "176": 0.04192945738183352, "177": 0.3333333333333333, "178": 0.1301155434610766, "179": 0.7673637888296747, "180": 0.875, "181": 0.28900952375223854, "182": 0.8888888888888888, "183": 0.875, "184": 0.211857320015875, "185": 0.7272727272727273, "186": 0.2747775773860591, "187": 0.2754204783000597, "188": 0.3963466959756385, "189": 0.3039652202811166, "190": 0.700776422267113, "191": 0.1257566767068043, "192": 0.1493845765995649, "193": 0.07426696166522145, "194": 0.03368486042643159, "195": 0.001714898962432653, "196": 0.04387335298378694, "197": 0.005615881462935323, "198": 0.023498194369847795, "199": 0.40625, "200": 0.7096774193548387, "201": 0.2207901344935886, "202": 0.17842020224380725, "203": 0.08395555982970591, "204": 0.13611555426300223, "205": 0.006194416186825857, "206": 0.10225177904920603, "207": 0.07425441049008759, "208": 0.006648841427595334, "209": 0.1765495793212696, "210": 0.29628181320423697, "211": 0.1083273106164295, "212": 0.04541445744814045, "213": 0.07168250979463105, "214": 0.10635932751193387, "215": 0.07192467485423482, "216": 0.06637625083965412, "217": 0.004987989883691268, "218": 0.01840881898057579, "219": 0.18514480635360758, "220": 0.08512932857330636, "221": 0.0718639070320542, "222": 0.2516700619641797, "223": 0.07858223560594556, "224": 0.4703589613542468, "225": 0.033253963394029695, "226": 0.034010851570335794, "227": 0.04955497119959931, "228": 0.0019054495612693182, "229": 0.05308857808857816, "230": 0.025662227596053355, "231": 0.006018448614789647, "232": 0.001544972811971043, "233": 0.02867939264118489, "234": 0.035573826716519256, "235": 0.003012656476934781, "236": 0.03089253352778127, "237": 0.00781395331251593, "238": 0.13368805716267498, "239": 0.18581219690543005, "240": 0.1086466165413535, "241": 0.09620625534301483, "242": 0.08703339158049496, "243": 0.3583655528736807, "244": 0.11188900852136986, "245": 0.09069829591900891, "246": 0.22105351051908212, "247": 0.004845034376567899, "248": 0.036372416048275825, "249": 0.00288610336361854, "250": 0.005500924469358471, "251": 0.07140318444908167, "252": 0.014905351262269278, "253": 0.059564345146361254, "254": 0.04241625652230943, "255": 0.02769111679272887, "256": 0.0349117656492734, "257": 0.03236162505887493, "258": 0.12367850414840983, "259": 0.15344316658398954, "260": 0.41889924671215334, "261": 0.0376914862943339, "262": 0.13428103308622344, "263": 0.08294794040037953, "264": 0.12298785729636809, "265": 0.0036162520098043304, "266": 0.06009660706988188, "267": 0.02876032444313748, "268": 0.006099507839653403, "269": 0.06501625672895674, "270": 0.49796886259913253, "271": 0.10100604216707988, "272": 0.163963232235187, "273": 0.09107509788948313, "274": 0.12298785729636809, "275": 0.004131805365274731, "276": 0.06009660706988188, "277": 0.03287515450566055, "278": 0.037296184574366, "279": 0.1765495793212696, "280": 0.29628181320423697, "281": 0.06455529838988491, "282": 0.2516700619641797, "283": 0.02867939264118489, "284": 0.035573826716519256, "285": 0.01963731940695305, "286": 0.10941719311284513, "287": 0.04955497119959931, "288": 0.0019054495612693182, "289": 0.0946236546638579, "290": 0.18862206689424502, "291": 0.07964097988750655, "292": 0.11176085836636503, "293": 0.07789955211284594, "294": 0.012996391451547703, "295": 0.01963731940695305, "296": 0.10941719311284513,