{"0": 0.10285714285714298, "1": 0.96, "2": 0.4827586206896552, "3": 0.08589249409516256, "4": 0.410292248786567, "5": 0.6857142857142857, "6": 0.06817733390512998, "7": 0.03695109346121912, "8": 0.6504277566539923, "9": 0.2443534442472932, "10": 0.12411604599104614, "11": 0.08626277234252051, "12": 0.714127532228361, "13": 0.4320787549225521, "14": 0.76, "15": 0.05096977425611053, "16": 0.6821074291845426, "17": 0.649578839026206, "18": 0.05432254444803579, "19": 0.8620689655172413, "20": 0.7144985573419326, "21": 0.03287136211475995, "22": 0.500464034822023, "23": 0.07137571409603656, "24": 0.7916666666666666, "25": 0.0712368608947487, "26": 0.031241434317174445, "27": 0.8780487804878049, "28": 0.10674407880359849, "29": 0.5868053631308829, "30": 0.5683799250700935, "31": 0.025491743675548812, "32": 0.09091524454806339, "33": 0.3983449460296758, "34": 0.1697558108055845, "35": 0.5714285714285714, "36": 0.0810572599715531, "37": 0.02021000777806585, "38": 0.7837837837837838, "39": 0.4202029965064456, "40": 0.023487871855190353, "41": 0.9069767441860465, "42": 1.0, "43": 0.6785714285714286, "44": 0.08396265762772104, "45": 0.8333333333333334, "46": 0.05971313565298524, "47": 0.10145729721696019, "48": 0.036715994796926645, "49": 0.8664259927797834, "50": 0.9310344827586207, "51": 1.0, "52": 0.10379829748295648, "53": 0.11135741602139818, "54": 0.9459459459459459, "55": 0.8043478260869565, "56": 0.08659085015740682, "57": 0.4579887556799177, "58": 0.7674418604651163, "59": 0.11888982548569269, "60": 0.891591174250223, "61": 0.021686043951204492, "62": 0.07339798345444644, "63": 0.06049424028555209, "64": 0.0650926561195777, "65": 0.03732756236278681, "66": 0.020243726077770453, "67": 0.07720787606384916, "68": 0.08827340755710286, "69": 0.016614973479854012, "70": 0.0460707364998128, "71": 0.02242306232989463, "72": 0.02979216919655237, "73": 0.03297104603504213, "74": 0.03372674665017822, "75": 0.007477320657821249, "76": 0.009177850897457318, "77": 0.02293158330163496, "78": 0.04874729180736946, "79": 0.7333333333333333, "80": 0.03980514075776288, "81": 0.4883720930232558, "82": 0.09067126345529575, "83": 0.048978085466123276, "84": 0.11243017139798764, "85": 0.8772746311723367, "86": 1.0, "87": 0.129536935172259, "88": 0.06055364471759667, "89": 0.06653087476208959, "90": 0.1954187232616471, "91": 0.6936478044898136, "92": 0.9119999999999999, "93": 0.9062652290448342, "94": 0.050437319453317656, "95": 0.07684919002853778, "96": 0.7777777777777778, "97": 0.8541666666666666, "98": 0.07819081677917455, "99": 0.002266458236879449, "100": 0.8571428571428571, "101": 0.18040492056141375, "102": 0.625, "103": 0.11863020755316758, "104": 0.2641833972479134, "105": 0.6666666666666666, "106": 0.42857142857142855, "107": 0.3, "108": 0.478630182978009, "109": 0.6666666666666666, "110": 0.2895678771963105, "111": 0.8, "112": 0.6666666666666666, "113": 0.875, "114": 0.21710886136901333, "115": 0.5345211581291759, "116": 0.39010156416480296, "117": 0.5574960758996655, "118": 0.6590525476425004, "119": 0.40762711864406775, "120": 0.5114779110256323, "121": 0.3333333333333333, "122": 0.1557860992234448, "123": 0.2743181818181819, "124": 0.25081692746511886, "125": 0.8, "126": 0.6666666666666666, "127": 0.375, "128": 0.22174203874913392, "129": 0.147530518186348, "130": 0.16200929038376605, "131": 0.4444444444444444, "132": 0.13624413021871848, "133": 0.229429911917552, "134": 0.11487978291098186, "135": 0.2112768275158765, "136": 0.3, "137": 0.13111413043478273, "138": 0.036655609167671924, "139": 0.5454545454545454, "140": 0.1444956989247313, "141": 0.09786821705426368, "142": 0.08639703389830515, "143": 0.062259452116821434, "144": 0.5384615384615384, "145": 0.75, "146": 0.34121446332581, "147": 0.43519514549717275, "148": 0.08798244029902337, "149": 0.0570290080494402, "150": 0.22264826175869154, "151": 0.12032041672912588, "152": 0.20255730644089223, "153": 0.0, "154": 0.11382486453309681, "155": 0.16009690642701896, "156": 0.08138811079987555, "157": 0.14126855976526587, "158": 0.10570349046419578, "159": 0.09339080459770115, "160": 0.03818662480221133, "161": 0.10180119944890197, "162": 0.12951940521167443, "163": 0.17881526387492486, "164": 0.19804346887680221, "165": 0.03520977164099845, "166": 0.4433020718793085, "167": 0.04918797953964197, "168": 0.11392295373541345, "169": 0.021792452830188706, "170": 0.065546561656822, "171": 0.11863020755316758, "172": 0.05466674396304885, "173": 0.18056777796371018, "174": 0.11960449566083366, "175": 0.03519177540529847, "176": 0.09643164641729648, "177": 0.4, "178": 0.10145070688868871, "179": 0.7625531914893617, "180": 0.7432742253982122, "181": 0.7142857142857143, "182": 0.75, "183": 0.8333333333333334, "184": 0.25485417384315084, "185": 0.6003838618097485, "186": 0.291580539696482, "187": 0.24847560975609756, "188": 0.2708404169360055, "189": 0.29328926185438353, "190": 0.8260869565217391, "191": 0.13093256835866204, "192": 0.12416938442723205, "193": 0.06060354254798699, "194": 0.0, "195": 0.08042874588233194, "196": 0.07381122413595965, "197": 0.0010378057820607865, "198": 0.03022355577781478, "199": 0.42857142857142855, "200": 0.8333333333333334, "201": 0.25042826334267837, "202": 0.21308469561894222, "203": 0.03575307075663399, "204": 0.11624904517846199, "205": 0.0030290911286689082, "206": 0.07007076246668689, "207": 0.10447237768666338, "208": 0.006975788081009031, "209": 0.10398060230014733, "210": 0.24494810107708853, "211": 0.10260243632336662, "212": 0.026300132126255878, "213": 0.09662061564277515, "214": 0.09276301488181016, "215": 0.04678055831065672, "216": 0.013659861696204034, "217": 0.0039757460040320885, "218": 0.022015772545702562, "219": 0.20636898093790687, "220": 0.05522688456318941, "221": 0.03820310633213861, "222": 0.2506400409626217, "223": 0.13766851297190863, "224": 0.3492889303755765, "225": 0.03703076807342209, "226": 0.05358393219089741, "227": 0.060492859507865586, "228": 0.00011299435028248604, "229": 0.06556268309879147, "230": 0.0058155493947531, "231": 0.006211707256309973, "232": 0.04796038517377759, "233": 0.0, "234": 0.0550386928705513, "235": 0.0, "236": 0.0, "237": 0.008004467797381131, "238": 0.18462602494784558, "239": 0.09976125511596182, "240": 0.08849557522123906, "241": 0.1568627450980392, "242": 0.10454367463574306, "243": 0.30559631679953914, "244": 0.1115768156251988, "245": 0.09537897999436463, "246": 0.1655179635896412, "247": 0.005168286221578297, "248": 0.02224886985059791, "249": 0.035132552179800984, "250": 0.030448197625585403, "251": 0.07205195778238087, "252": 0.04319075505201145, "253": 0.03537511777374324, "254": 0.03932325381430046, "255": 0.025735932346303617, "256": 0.049018797193120765, "257": 0.03185116371532555, "258": 0.17859673990077962, "259": 0.11711616324741507, "260": 0.4645921931683294, "261": 0.05225445223601407, "262": 0.11974259037176632, "263": 0.03300424785754864, "264": 0.36986301369863017, "265": 0.007259690819118118, "266": 0.03573260252274398, "267": 0.012462235649546828, "268": 0.006038277038722123, "269": 0.08984635938543768, "270": 0.4645921931683294, "271": 0.08504226350114592, "272": 0.1348343685300207, "273": 0.03926682130516646, "274": 0.36986301369863017, "275": 0.005993935785135619, "276": 0.03573260252274398, "277": 0.006661657901327322, "278": 0.03760270837191866, "279": 0.10398060230014733, "280": 0.24494810107708853, "281": 0.04781861439880155, "282": 0.2506400409626217, "283": 0.0, "284": 0.0550386928705513, "285": 0.04497804285885458, "286": 0.12588787417554542, "287": 0.060492859507865586, "288": 0.00011299435028248604, "289": 0.05487126849713455, "290": 0.11816051361024675, "291": 0.046858761936508564, "292": 0.0682758620689656, "293": 0.06004578053105222, "294": 0.007557089847155986, "295": 0.04497804285885458, "296": 0.12588787417554542, "297": 0.01004774699600871, "298": 0.010297400306375493, "299": 1.0, "300": 0.2398889601155753, "301": 0.19404969918357454, "302": 0.02261896195543871,