{"0": 0.05989859174027229, "1": 0.09817527507962844, "2": 0.05480631240778597, "3": 0.18894160021701611, "4": 0.32219587800689675, "5": 0.28715317148406266, "6": 0.0721599643605377, "7": 0.4763467199171448, "8": 0.18506089845744622, "9": 0.8571428571428571, "10": 0.12980935190986234, "11": 0.0501669872657648, "12": 0.8823529411764706, "13": 0.5562856442620625, "14": 0.1697645456616749, "15": 0.7142857142857143, "16": 0.2727272727272727, "17": 0.875, "18": 0.6666666666666666, "19": 0.8571428571428571, "20": 0.2568963899148941, "21": 0.0386687814372611, "22": 0.07576191378574429, "23": 0.10199317346871829, "24": 0.22088979113232446, "25": 0.12603117009799755, "26": 0.20263197102516217, "27": 0.04455841253462384, "28": 0.2727272727272727, "29": 0.16102455698950324, "30": 0.3368347171125729, "31": 0.31297606984313386, "32": 0.4, "33": 0.5, "34": 0.9375, "35": 0.1925876826700249, "36": 0.12131397741622547, "37": 0.8888888888888888, "38": 0.10544691499108445, "39": 0.07118598677646555, "40": 0.03497879643933822, "41": 0.04803640714070359, "42": 0.41409602600730216, "43": 0.683450648684885, "44": 0.09632435744412943, "45": 0.21097289956385828, "46": 0.4957386397124479, "47": 0.8, "48": 0.5, "49": 0.021494164339665493, "50": 0.3333333333333333, "51": 0.1686456532714449, "52": 0.1225442748572781, "53": 0.12421971021702136, "54": 0.09774619368305847, "55": 0.38461538461538464, "56": 0.8571428571428571, "57": 0.27045038733937465, "58": 0.042335461171044975, "59": 0.4824304346234523, "60": 0.25, "61": 0.13431504498834573, "62": 0.8333333333333334, "63": 0.06502696956250721, "64": 0.18638478036042372, "65": 0.17566723595204606, "66": 0.5385318960639931, "67": 0.2683319035013951, "68": 0.059303348825018976, "69": 0.05865536633741883, "70": 0.06503030013863247, "71": 0.20709335507541787, "72": 0.5911028184228616, "73": 0.2151943967981704, "74": 0.49033816425120774, "75": 0.2376543209876543, "76": 0.8333333333333334, "77": 0.7142857142857143, "78": 0.17647058823529413, "79": 0.4444444444444444, "80": 0.10530276891924452, "81": 0.1915861198188786, "82": 0.077989914923025, "83": 0.5714285714285714, "84": 0.07153539795530042, "85": 0.05981778577192761, "86": 0.10078338632741458, "87": 0.12564560322250162, "88": 0.7175932046536225, "89": 0.125, "90": 0.05318861098886688, "91": 0.066588386101072, "92": 0.1027828144505633, "93": 0.05565015678808773, "94": 0.03556037291799345, "95": 0.75, "96": 0.21317403014717579, "97": 0.355971992536997, "98": 0.11384666060446738, "99": 0.07234390710555597, "100": 0.4, "101": 0.09772961566178893, "102": 0.23638827838398568, "103": 0.05458892958892964, "104": 0.8333333333333334, "105": 0.75, "106": 0.29176462653234836, "107": 0.5260685182105438, "108": 0.8333333333333334, "109": 0.37358757062146897, "110": 0.7777777777777778, "111": 0.875, "112": 0.04387405559646775, "113": 0.03212521313978373, "114": 0.06375667490074187, "115": 0.08462117656539925, "116": 0.06787056478995815, "117": 0.75, "118": 0.21428571428571427, "119": 0.07773404328619242, "120": 0.05723020887329707, "121": 0.23428531298386598, "122": 0.27411042130938384, "123": 0.11388724733257467, "124": 0.165180444087054}